{"cameraMode":{"drawMode":0,"name":"Shaded","section":"Shading Mode"},"sceneLighting":false,"audioPlay":false,"sceneViewState":{"m_AlwaysRefresh":false,"showFog":true,"showSkybox":true,"showFlares":true,"showImageEffects":true,"showParticleSystems":true,"showVisualEffectGraphs":true,"m_FxEnabled":true},"in2DMode":false,"pivot":{"x":0.12609000504016877,"y":-0.6442791223526001,"z":-0.7099248766899109},"rotation":{"x":-0.17250721156597138,"y":0.009766041301190853,"z":-0.0017104002181440592,"w":-0.9849597811698914},"size":6.6765456199646,"orthographic":false}